Entity, Fri Nov 27 2015,Active Patients,Change in Active Patients,% Change in Active Patients,Tue Oct 27 2015,Active Patients,Change in Active Patients,% Change in Active Patients,Sun Sep 27 2015,Active Patients,Change in Active Patients,% Change in Active Patients,Thu Aug 27 2015,Active Patients,Change in Active Patients,% Change in Active Patients,Mon Jul 27 2015,Active Patients,Change in Active Patients,% Change in Active Patients,Sat Jun 27 2015,Active Patients,Change in Active Patients,% Change in Active Patients,Wed May 27 2015,Active Patients,Change in Active Patients,% Change in Active Patients,Mon Apr 27 2015,Active Patients,Change in Active Patients,% Change in Active Patients,Fri Mar 27 2015,Active Patients,Change in Active Patients,% Change in Active Patients,Fri Feb 27 2015,Active Patients,Change in Active Patients,% Change in Active Patients,Tue Jan 27 2015,Active Patients,Change in Active Patients,% Change in Active Patients,Sat Dec 27 2014,Active Patients,Change in Active Patients,% Change in Active Patients,Thu Nov 27 2014,Active Patients,Change in Active Patients,% Change in Active Patients,Mon Oct 27 2014,Active Patients,Change in Active Patients,% Change in Active Patients,Sat Sep 27 2014,Active Patients,Change in Active Patients,% Change in Active Patients,Wed Aug 27 2014,Active Patients,Change in Active Patients,% Change in Active Patients,Sun Jul 27 2014,Active Patients,Change in Active Patients,% Change in Active Patients,Fri Jun 27 2014,Active Patients,Change in Active Patients,% Change in Active Patients,Tue May 27 2014,Active Patients,Change in Active Patients,% Change in Active Patients,Sun Apr 27 2014,Active Patients,Change in Active Patients,% Change in Active Patients,Thu Mar 27 2014,Active Patients,Change in Active Patients,% Change in Active Patients,Thu Feb 27 2014,Active Patients,Change in Active Patients,% Change in Active Patients,Mon Jan 27 2014,Active Patients,Change in Active Patients,% Change in Active Patients,Fri Dec 27 2013,Active Patients,Change in Active Patients,% Change in Active Patients,Wed Nov 27 2013,Active Patients,Change in Active Patients,% Change in Active Patients,Sun Oct 27 2013,Active Patients,Change in Active Patients,% Change in Active Patients,Fri Sep 27 2013,Active Patients,Change in Active Patients,% Change in Active Patients,Tue Aug 27 2013,Active Patients,Change in Active Patients,% Change in Active Patients,Sat Jul 27 2013,Active Patients,Change in Active Patients,% Change in Active Patients,Thu Jun 27 2013,Active Patients,Change in Active Patients,% Change in Active Patients,Mon May 27 2013,Active Patients,Change in Active Patients,% Change in Active Patients,Sat Apr 27 2013,Active Patients,Change in Active Patients,% Change in Active Patients,Wed Mar 27 2013,Active Patients,Change in Active Patients,% Change in Active Patients,Wed Feb 27 2013,Active Patients,Change in Active Patients,% Change in Active Patients,Sun Jan 27 2013,Active Patients,Change in Active Patients,% Change in Active Patients,Thu Dec 27 2012,Active Patients,Change in Active Patients,% Change in Active Patients,Tue Nov 27 2012,Active Patients,Change in Active Patients,% Change in Active Patients,Sat Oct 27 2012,Active Patients,Change in Active Patients,% Change in Active Patients,Thu Sep 27 2012,Active Patients,Change in Active Patients,% Change in Active Patients,Mon Aug 27 2012,Active Patients,Change in Active Patients,% Change in Active Patients,Fri Jul 27 2012,Active Patients,Change in Active Patients,% Change in Active Patients,Wed Jun 27 2012,Active Patients,Change in Active Patients,% Change in Active Patients,Sun May 27 2012,Active Patients,Change in Active Patients,% Change in Active Patients,Fri Apr 27 2012,Active Patients,Change in Active Patients,% Change in Active Patients,Tue Mar 27 2012,Active Patients,Change in Active Patients,% Change in Active Patients,Mon Feb 27 2012,Active Patients,Change in Active Patients,% Change in Active Patients,Fri Jan 27 2012,Active Patients,Change in Active Patients,% Change in Active Patients,Tue Dec 27 2011,Active Patients,Change in Active Patients,% Change in Active Patients,Sun Nov 27 2011,Active Patients,Change in Active Patients,% Change in Active Patients,Thu Oct 27 2011,Active Patients,Change in Active Patients,% Change in Active Patients,Tue Sep 27 2011,Active Patients,Change in Active Patients,% Change in Active Patients,Sat Aug 27 2011,Active Patients,Change in Active Patients,% Change in Active Patients,Wed Jul 27 2011,Active Patients,Change in Active Patients,% Change in Active Patients,Mon Jun 27 2011,Active Patients,Change in Active Patients,% Change in Active Patients,Fri May 27 2011,Active Patients,Change in Active Patients,% Change in Active Patients,Wed Apr 27 2011,Active Patients,Change in Active Patients,% Change in Active Patients,Sun Mar 27 2011,Active Patients,Change in Active Patients,% Change in Active Patients,Sun Feb 27 2011,Active Patients,Change in Active Patients,% Change in Active Patients,Thu Jan 27 2011,Active Patients,Change in Active Patients,% Change in Active Patients,Mon Dec 27 2010,Active Patients,Change in Active Patients,% Change in Active Patients,Sat Nov 27 2010,Active Patients,Change in Active Patients,% Change in Active Patients,Wed Oct 27 2010,Active Patients,Change in Active Patients,% Change in Active Patients,Mon Sep 27 2010,Active Patients,Change in Active Patients,% Change in Active Patients,Fri Aug 27 2010,Active Patients,Change in Active Patients,% Change in Active Patients,Tue Jul 27 2010,Active Patients,Change in Active Patients,% Change in Active Patients,Sun Jun 27 2010,Active Patients,Change in Active Patients,% Change in Active Patients,Thu May 27 2010,Active Patients,Change in Active Patients,% Change in Active Patients,Tue Apr 27 2010,Active Patients,Change in Active Patients,% Change in Active Patients,Sat Mar 27 2010,Active Patients,Change in Active Patients,% Change in Active Patients,Sat Feb 27 2010,Active Patients,Change in Active Patients,% Change in Active Patients,Wed Jan 27 2010,Active Patients,Change in Active Patients,% Change in Active Patients,
BaXUn72dZRLIYjbGc5dClc3NML8AFXmVxb3jnw==,'-',793,NA,NA,'-',786,-7,-0.007717750826901848,'-',777,-9,-0.009922822491731043,'-',769,-8,-0.008820286659316445,'-',762,-7,-0.007717750826901848,'-',752,-10,-0.011025358324145529,'-',740,-12,-0.013230429988974612,'-',725,-15,-0.016538037486218293,'-',714,-11,-0.012127894156560126,'-',709,-5,-0.005512679162072764,'-',694,-15,-0.016538037486218293,'-',689,-5,-0.005512679162072764,'-',683,-6,-0.006615214994487362,'-',662,-21,-0.023153252480705544,'-',655,-7,-0.007717750826901959,'-',637,-18,-0.019845644983461863,'-',632,-5,-0.005512679162072764,'-',609,-23,-0.02535832414553474,'-',598,-11,-0.012127894156560126,'-',591,-7,-0.007717750826901848,'-',579,-12,-0.013230429988974723,'-',578,-1,-0.0011025358324144863,'-',549,-29,-0.0319735391400221,'-',538,-11,-0.012127894156560015,'-',530,-8,-0.008820286659316445,'-',517,-13,-0.01433296582138921,'-',502,-15,-0.016538037486218293,'-',488,-14,-0.015435501653803807,'-',482,-6,-0.006615214994487251,'-',466,-16,-0.01764057331863289,'-',448,-18,-0.019845644983461974,'-',436,-12,-0.013230429988974612,'-',430,-6,-0.006615214994487306,'-',425,-5,-0.00551267916207282,'-',420,-5,-0.005512679162072764,'-',414,-6,-0.006615214994487306,'-',396,-18,-0.019845644983461974,'-',380,-16,-0.017640573318632835,'-',370,-10,-0.011025358324145529,'-',353,-17,-0.018743109151047432,'-',348,-5,-0.005512679162072764,'-',344,-4,-0.004410143329658223,'-',340,-4,-0.004410143329658167,'-',334,-6,-0.006615214994487362,'-',324,-10,-0.011025358324145529,'-',323,-1,-0.0011025358324145418,'-',307,-16,-0.017640573318632835,'-',287,-20,-0.022050716648291113,'-',266,-21,-0.0231532524807056,'-',248,-18,-0.019845644983461974,'-',225,-23,-0.02535832414553471,'-',214,-11,-0.012127894156560098,'-',201,-13,-0.014332965821389182,'-',194,-7,-0.007717750826901876,'-',177,-17,-0.018743109151047405,'-',163,-14,-0.015435501653803751,'-',161,-2,-0.0022050716648291113,'-',159,-2,-0.0022050716648291113,'-',159,0,0,'-',157,-2,-0.0022050716648291113,'-',155,-2,-0.0022050716648291113,'-',153,-2,-0.0022050716648291113,'-',152,-1,-0.0011025358324145418,'-',150,-2,-0.0022050716648291113,'-',145,-5,-0.005512679162072764,'-',145,0,0,'-',144,-1,-0.0011025358324145418,'-',145,1,0.0011025358324145418,'-',145,0,0,'-',144,-1,-0.0011025358324145418,'-',145,1,0.0011025358324145418
GDL1cnuglpgk9FqG1HVsnsgrSAOrwNfd+ebl4A==,'-',1866,1721,0.6156934015567476,'-',1879,13,0.005403158769742289,'-',1892,13,0.005403158769742289,'-',1903,11,0.004571903574397407,'-',1912,9,0.0037406483790523026,'-',1925,13,0.0054031587697424,'-',1935,10,0.004156275976724855,'-',1945,10,0.004156275976724855,'-',1956,11,0.004571903574397296,'-',1961,5,0.0020781379883624274,'-',1964,3,0.0012468827930174342,'-',1976,12,0.004987531172069848,'-',1982,6,0.0024937655860348684,'-',1984,2,0.0008312551953449931,'-',1992,8,0.0033250207813798616,'-',1997,5,0.0020781379883624274,'-',1997,0,0,'-',1994,-3,-0.0012468827930174342,'-',1988,-6,-0.0024937655860348684,'-',1984,-4,-0.0016625103906899863,'-',1981,-3,-0.0012468827930174342,'-',1970,-11,-0.004571903574397296,'-',1966,-4,-0.0016625103906899863,'-',1964,-2,-0.0008312551953449931,'-',1958,-6,-0.0024937655860348684,'-',1956,-2,-0.0008312551953449931,'-',1951,-5,-0.0020781379883624274,'-',1948,-3,-0.0012468827930174342,'-',1939,-9,-0.0037406483790524137,'-',1933,-6,-0.0024937655860348684,'-',1928,-5,-0.0020781379883624274,'-',1905,-23,-0.009559434746467144,'-',1892,-13,-0.0054031587697424,'-',1883,-9,-0.0037406483790523026,'-',1866,-17,-0.007065669160432275,'-',1839,-27,-0.01122194513715713,'-',1819,-20,-0.00831255195344971,'-',1803,-16,-0.006650041562759723,'-',1774,-29,-0.012053200332502123,'-',1744,-30,-0.012468827930174564,'-',1707,-37,-0.015378221113881874,'-',1660,-47,-0.01953449709060684,'-',1612,-48,-0.01995012468827928,'-',1549,-63,-0.026184538653366674,'-',1464,-85,-0.035328345802161265,'-',1376,-88,-0.0365752285951787,'-',1273,-103,-0.04280964256026598,'-',1152,-121,-0.05029093931837075,'-',989,-163,-0.06774729842061511,'-',766,-223,-0.09268495428096424,'-',367,-399,-0.16583541147132172,'-',49,-318,-0.13216957605985039,'-',49,0,0,'-',47,-2,-0.0008312551953449723,'-',48,1,0.00041562759767248617,'-',47,-1,-0.00041562759767248617,'-',47,0,0,'-',45,-2,-0.0008312551953449689,'-',45,0,0,'-',42,-3,-0.0012468827930174585,'-',41,-1,-0.0004156275976724827,'-',39,-2,-0.0008312551953449723,'-',39,0,0,'-',39,0,0,'-',40,1,0.00041562759767248617,'-',40,0,0,'-',39,-1,-0.00041562759767248617,'-',38,-1,-0.00041562759767248617,'-',34,-4,-0.0016625103906899412,'-',35,1,0.00041562759767248617,'-',35,0,0
IyFNjJtR48Wbi9Xs9XT59PQkK/OdICsseEMoFQ==,'-',18,-17,0.985453034081463,'-',18,0,0,'-',17,-1,-0.05555555555555558,'-',17,0,0,'-',17,0,0,'-',17,0,0,'-',17,0,0,'-',17,0,0,'-',16,-1,-0.05555555555555558,'-',16,0,0,'-',16,0,0,'-',16,0,0,'-',16,0,0,'-',16,0,0,'-',16,0,0,'-',16,0,0,'-',16,0,0,'-',16,0,0,'-',12,-4,-0.2222222222222222,'-',10,-2,-0.11111111111111105,'-',10,0,0,'-',10,0,0,'-',10,0,0,'-',10,0,0,'-',10,0,0,'-',10,0,0,'-',10,0,0,'-',10,0,0,'-',10,0,0,'-',10,0,0,'-',10,0,0,'-',10,0,0,'-',10,0,0,'-',10,0,0,'-',10,0,0,'-',10,0,0,'-',10,0,0,'-',8,-2,-0.11111111111111116,'-',8,0,0,'-',6,-2,-0.1111111111111111,'-',5,-1,-0.055555555555555525,'-',4,-1,-0.05555555555555558,'-',4,0,0,'-',4,0,0,'-',3,-1,-0.05555555555555555,'-',3,0,0,'-',3,0,0,'-',2,-1,-0.05555555555555555,'-',1,-1,-0.05555555555555555,'-',1,0,0,'-',0,-1,-0.05555555555555555,'-',0,0,0,'-',0,0,0,'-',0,0,0,'-',0,0,0,'-',0,0,0,'-',0,0,0,'-',0,0,0,'-',0,0,0,'-',0,0,0,'-',0,0,0,'-',0,0,0,'-',0,0,0,'-',0,0,0,'-',0,0,0,'-',0,0,0,'-',0,0,0,'-',0,0,0,'-',0,0,0,'-',0,0,0,'-',0,0,0
Kw0qFA8YBK0utWxHDok7ivISJV1vepM2r9Q4sg==,'-',4,4,1,'-',4,0,0,'-',4,0,0,'-',4,0,0,'-',4,0,0,'-',4,0,0,'-',3,-1,-0.25,'-',3,0,0,'-',3,0,0,'-',3,0,0,'-',3,0,0,'-',3,0,0,'-',3,0,0,'-',3,0,0,'-',2,-1,-0.25,'-',2,0,0,'-',2,0,0,'-',2,0,0,'-',2,0,0,'-',2,0,0,'-',2,0,0,'-',2,0,0,'-',2,0,0,'-',2,0,0,'-',2,0,0,'-',2,0,0,'-',2,0,0,'-',2,0,0,'-',2,0,0,'-',2,0,0,'-',2,0,0,'-',2,0,0,'-',2,0,0,'-',2,0,0,'-',2,0,0,'-',2,0,0,'-',2,0,0,'-',2,0,0,'-',2,0,0,'-',2,0,0,'-',1,-1,-0.25,'-',1,0,0,'-',1,0,0,'-',1,0,0,'-',1,0,0,'-',0,-1,-0.25,'-',0,0,0,'-',0,0,0,'-',0,0,0,'-',0,0,0,'-',0,0,0,'-',0,0,0,'-',0,0,0,'-',0,0,0,'-',0,0,0,'-',0,0,0,'-',0,0,0,'-',0,0,0,'-',0,0,0,'-',0,0,0,'-',0,0,0,'-',0,0,0,'-',0,0,0,'-',0,0,0,'-',0,0,0,'-',0,0,0,'-',0,0,0,'-',0,0,0,'-',0,0,0,'-',0,0,0,'-',0,0,0
Lw2OHNXHWaLxDJ00c7+QW6sc/zlGI1oC+QRzSQ==,'-',1803,1803,0.7528183716075156,'-',1804,1,0.00041753653444676075,'-',1803,-1,-0.00041753653444676075,'-',1796,-7,-0.0029227557411273253,'-',1799,3,0.0012526096033402823,'-',1803,4,0.001670146137787043,'-',1816,13,0.005427974947808001,'-',1818,2,0.0008350730688935215,'-',1821,3,0.0012526096033402823,'-',1826,5,0.0020876826722338038,'-',1825,-1,-0.00041753653444676075,'-',1829,4,0.001670146137787043,'-',1812,-17,-0.007098121085595044,'-',1808,-4,-0.001670146137787043,'-',1802,-6,-0.0025052192066805645,'-',1797,-5,-0.0020876826722338038,'-',1792,-5,-0.0020876826722338038,'-',1792,0,0,'-',1787,-5,-0.0020876826722338038,'-',1772,-15,-0.006263048016701522,'-',1772,0,0,'-',1781,9,0.003757828810020958,'-',1774,-7,-0.0029227557411274363,'-',1772,-2,-0.0008350730688935215,'-',1761,-11,-0.004592901878914368,'-',1762,1,0.00041753653444676075,'-',1758,-4,-0.001670146137787043,'-',1749,-9,-0.003757828810020847,'-',1747,-2,-0.0008350730688935215,'-',1732,-15,-0.006263048016701522,'-',1729,-3,-0.0012526096033402823,'-',1720,-9,-0.003757828810020847,'-',1716,-4,-0.001670146137787043,'-',1696,-20,-0.008350730688935326,'-',1694,-2,-0.0008350730688935215,'-',1691,-3,-0.0012526096033402823,'-',1677,-14,-0.005845511482254762,'-',1670,-7,-0.0029227557411273253,'-',1670,0,0,'-',1656,-14,-0.0058455114822546506,'-',1649,-7,-0.0029227557411273253,'-',1638,-11,-0.004592901878914479,'-',1596,-42,-0.017536534446764063,'-',1593,-3,-0.0012526096033402823,'-',1588,-5,-0.0020876826722338038,'-',1573,-15,-0.006263048016701522,'-',1577,4,0.001670146137787043,'-',1567,-10,-0.0041753653444676075,'-',1558,-9,-0.003757828810020847,'-',1543,-15,-0.006263048016701522,'-',1540,-3,-0.0012526096033402823,'-',1533,-7,-0.0029227557411273253,'-',1531,-2,-0.0008350730688935215,'-',1516,-15,-0.006263048016701411,'-',1509,-7,-0.0029227557411274363,'-',1497,-12,-0.005010438413361129,'-',1477,-20,-0.008350730688935326,'-',1451,-26,-0.01085594989561578,'-',1448,-3,-0.0012526096033402823,'-',1438,-10,-0.0041753653444677186,'-',1432,-6,-0.0025052192066805645,'-',1417,-15,-0.006263048016701411,'-',1407,-10,-0.0041753653444677186,'-',1391,-16,-0.006680584551148172,'-',1382,-9,-0.003757828810020847,'-',1376,-6,-0.0025052192066806755,'-',1370,-6,-0.0025052192066805645,'-',1363,-7,-0.0029227557411273253,'-',1350,-13,-0.00542797494780789,'-',1339,-11,-0.004592901878914479,'-',1323,-16,-0.006680584551148172
Q2mY+ZanfmbCHGT16lwrw3U+x1sqgz1CNPEmDw==,'-',2124,801,0.2831617141008099,'-',2124,0,0,'-',2128,4,0.0015735641227380137,'-',2125,-3,-0.001180173092053538,'-',2133,8,0.0031471282454760274,'-',2134,1,0.0003933910306844757,'-',2133,-1,-0.0003933910306844757,'-',2133,0,0,'-',2131,-2,-0.0007867820613690624,'-',2136,5,0.0019669551534226004,'-',2136,0,0,'-',2142,6,0.002360346184106965,'-',2146,4,0.0015735641227380137,'-',2148,2,0.0007867820613689513,'-',2138,-10,-0.003933910306844979,'-',2133,-5,-0.0019669551534224894,'-',2132,-1,-0.0003933910306844757,'-',2126,-6,-0.002360346184107076,'-',2124,-2,-0.0007867820613689513,'-',2119,-5,-0.0019669551534224894,'-',2117,-2,-0.0007867820613690624,'-',2107,-10,-0.003933910306844979,'-',2059,-48,-0.018882769472856054,'-',2037,-22,-0.008654602675058909,'-',2035,-2,-0.0007867820613690624,'-',2018,-17,-0.0066876475216365305,'-',2012,-6,-0.002360346184106965,'-',2004,-8,-0.0031471282454760274,'-',1989,-15,-0.005900865460267468,'-',1979,-10,-0.003933910306844979,'-',1972,-7,-0.0027537372147915518,'-',1955,-17,-0.0066876475216365305,'-',1936,-19,-0.007474429583005482,'-',1921,-15,-0.005900865460267468,'-',1895,-26,-0.010228166797797034,'-',1870,-25,-0.009834775767112558,'-',1846,-24,-0.009441384736427971,'-',1812,-34,-0.013375295043273061,'-',1782,-30,-0.011801730920534936,'-',1761,-21,-0.008261211644374544,'-',1717,-44,-0.01730920535011804,'-',1669,-48,-0.018882769472855943,'-',1605,-64,-0.02517702596380811,'-',1554,-51,-0.02006294256490948,'-',1460,-94,-0.036978756884343045,'-',1373,-87,-0.03422501966955149,'-',1263,-110,-0.0432730133752951,'-',1140,-123,-0.048387096774193505,'-',981,-159,-0.06254917387883557,'-',723,-258,-0.10149488591660111,'-',414,-309,-0.12155782848151062,'-',3,-411,-0.16168371361132966,'-',3,0,0,'-',3,0,0,'-',3,0,0,'-',3,0,0,'-',3,0,0,'-',3,0,0,'-',3,0,0,'-',3,0,0,'-',3,0,0,'-',2,-1,-0.0003933910306845004,'-',2,0,0,'-',2,0,0,'-',2,0,0,'-',2,0,0,'-',3,1,0.0003933910306845004,'-',3,0,0,'-',3,0,0,'-',3,0,0,'-',3,0,0
Y+Feif5Gw2WesLjz6Rp62xoAXOubzrBhcHy9xg==,'-',4694,4691,0.9517227907731515,'-',4578,-116,-0.02354851806739744,'-',4446,-132,-0.02679658952496955,'-',4250,-196,-0.03978887535525788,'-',4075,-175,-0.03552578156719444,'-',3727,-348,-0.07064555420219243,'-',3473,-254,-0.051563134388956544,'-',3282,-191,-0.03877385302476655,'-',3122,-160,-0.03248071457572066,'-',2985,-137,-0.027811611855460883,'-',2830,-155,-0.031465692245229326,'-',2646,-184,-0.03735282176207877,'-',2392,-254,-0.0515631343889566,'-',2181,-211,-0.0428339423467316,'-',1958,-223,-0.04526999593991071,'-',1775,-183,-0.03714981729598049,'-',1626,-149,-0.030247665448639882,'-',1429,-197,-0.03999187982135605,'-',1233,-196,-0.039788875355257824,'-',1123,-110,-0.022330491270807967,'-',1008,-115,-0.023345513601299217,'-',877,-131,-0.0265935850588713,'-',688,-189,-0.03836784409257005,'-',601,-87,-0.017661388550548107,'-',543,-58,-0.011774259033698747,'-',417,-126,-0.025578562728380022,'-',319,-98,-0.0198944376776289,'-',238,-81,-0.016443361753958594,'-',134,-104,-0.021112464474218433,'-',121,-13,-0.0026390580592773015,'-',119,-2,-0.0004060089321965103,'-',112,-7,-0.0014210312626877775,'-',108,-4,-0.0008120178643930172,'-',104,-4,-0.0008120178643930172,'-',96,-8,-0.0016240357287860344,'-',91,-5,-0.0010150223304912706,'-',90,-1,-0.00020300446609825343,'-',75,-15,-0.003045066991473812,'-',65,-10,-0.002030044660982543,'-',54,-11,-0.0022330491270807946,'-',44,-10,-0.002030044660982541,'-',36,-8,-0.0016240357287860344,'-',30,-6,-0.001218026796589525,'-',24,-6,-0.001218026796589525,'-',23,-1,-0.0002030044660982543,'-',20,-3,-0.000609013398294762,'-',20,0,0,'-',20,0,0,'-',20,0,0,'-',19,-1,-0.0002030044660982543,'-',17,-2,-0.00040600893219650816,'-',16,-1,-0.0002030044660982543,'-',15,-1,-0.0002030044660982543,'-',13,-2,-0.00040600893219650816,'-',11,-2,-0.00040600893219650816,'-',11,0,0,'-',11,0,0,'-',11,0,0,'-',11,0,0,'-',10,-1,-0.0002030044660982543,'-',10,0,0,'-',10,0,0,'-',9,-1,-0.0002030044660982543,'-',9,0,0,'-',9,0,0,'-',8,-1,-0.00020300446609825408,'-',6,-2,-0.0004060089321965084,'-',6,0,0,'-',6,0,0,'-',7,1,0.0002030044660982543,'-',6,-1,-0.0002030044660982543
ccjJS3EAgkf65R6nZsswCYtmuGdr9Y+1ORUdSA==,'-',63,57,0.91182545146428,'-',63,0,0,'-',62,-1,-0.01449275362318836,'-',61,-1,-0.01449275362318836,'-',61,0,0,'-',61,0,0,'-',61,0,0,'-',61,0,0,'-',60,-1,-0.01449275362318847,'-',59,-1,-0.01449275362318836,'-',59,0,0,'-',60,1,0.01449275362318836,'-',60,0,0,'-',60,0,0,'-',61,1,0.01449275362318847,'-',61,0,0,'-',60,-1,-0.01449275362318847,'-',60,0,0,'-',59,-1,-0.01449275362318836,'-',59,0,0,'-',59,0,0,'-',59,0,0,'-',59,0,0,'-',59,0,0,'-',58,-1,-0.01449275362318847,'-',58,0,0,'-',58,0,0,'-',58,0,0,'-',55,-3,-0.04347826086956519,'-',55,0,0,'-',53,-2,-0.02898550724637683,'-',32,-21,-0.3043478260869565,'-',30,-2,-0.02898550724637683,'-',30,0,0,'-',29,-1,-0.014492753623188415,'-',29,0,0,'-',27,-2,-0.028985507246376774,'-',27,0,0,'-',27,0,0,'-',27,0,0,'-',26,-1,-0.014492753623188415,'-',26,0,0,'-',26,0,0,'-',25,-1,-0.014492753623188415,'-',24,-1,-0.014492753623188415,'-',24,0,0,'-',23,-1,-0.014492753623188415,'-',20,-3,-0.04347826086956519,'-',19,-1,-0.014492753623188415,'-',18,-1,-0.014492753623188415,'-',11,-7,-0.10144927536231885,'-',0,-11,-0.15942028985507245,'-',0,0,0,'-',0,0,0,'-',0,0,0,'-',0,0,0,'-',0,0,0,'-',0,0,0,'-',0,0,0,'-',0,0,0,'-',0,0,0,'-',0,0,0,'-',0,0,0,'-',0,0,0,'-',0,0,0,'-',0,0,0,'-',0,0,0,'-',0,0,0,'-',0,0,0,'-',0,0,0,'-',0,0,0
cjkINZeLIEfERkbh0A9RnogxRPkULWecU2kxaA==,'-',1,1,1,'-',1,0,0,'-',1,0,0,'-',1,0,0,'-',1,0,0,'-',1,0,0,'-',1,0,0,'-',1,0,0,'-',1,0,0,'-',1,0,0,'-',1,0,0,'-',1,0,0,'-',1,0,0,'-',1,0,0,'-',1,0,0,'-',1,0,0,'-',1,0,0,'-',1,0,0,'-',1,0,0,'-',1,0,0,'-',1,0,0,'-',1,0,0,'-',1,0,0,'-',1,0,0,'-',1,0,0,'-',1,0,0,'-',1,0,0,'-',1,0,0,'-',1,0,0,'-',1,0,0,'-',1,0,0,'-',1,0,0,'-',1,0,0,'-',1,0,0,'-',1,0,0,'-',1,0,0,'-',1,0,0,'-',1,0,0,'-',1,0,0,'-',1,0,0,'-',1,0,0,'-',1,0,0,'-',1,0,0,'-',1,0,0,'-',1,0,0,'-',1,0,0,'-',1,0,0,'-',1,0,0,'-',1,0,0,'-',1,0,0,'-',1,0,0,'-',0,-1,-1,'-',0,0,0,'-',0,0,0,'-',0,0,0,'-',0,0,0,'-',0,0,0,'-',0,0,0,'-',0,0,0,'-',0,0,0,'-',0,0,0,'-',0,0,0,'-',0,0,0,'-',0,0,0,'-',0,0,0,'-',0,0,0,'-',0,0,0,'-',0,0,0,'-',0,0,0,'-',0,0,0,'-',0,0,0
fBhg6EIt/VYkCTacPOilBiHyeySN+KEifWPwcA==,'-',1254,1254,0.7581620314389359,'-',1260,6,0.0036275695284159193,'-',1275,15,0.009068923821039965,'-',1275,0,0,'-',1274,-1,-0.0006045949214026347,'-',1283,9,0.0054413542926239344,'-',1286,3,0.0018137847642079041,'-',1292,6,0.0036275695284160303,'-',1300,8,0.0048367593712213,'-',1303,3,0.0018137847642079041,'-',1303,0,0,'-',1312,9,0.0054413542926239344,'-',1324,12,0.00725513905683195,'-',1333,9,0.0054413542926239344,'-',1341,8,0.0048367593712213,'-',1340,-1,-0.0006045949214026347,'-',1339,-1,-0.0006045949214026347,'-',1336,-3,-0.0018137847642080152,'-',1333,-3,-0.0018137847642080152,'-',1326,-7,-0.004232164449818554,'-',1320,-6,-0.0036275695284160303,'-',1317,-3,-0.0018137847642079041,'-',1312,-5,-0.0030229746070133956,'-',1309,-3,-0.0018137847642079041,'-',1304,-5,-0.0030229746070132846,'-',1301,-3,-0.0018137847642080152,'-',1297,-4,-0.00241837968561065,'-',1291,-6,-0.0036275695284159193,'-',1287,-4,-0.00241837968561065,'-',1284,-3,-0.0018137847642080152,'-',1267,-17,-0.010278113663845234,'-',1255,-12,-0.00725513905683195,'-',1236,-19,-0.011487303506650504,'-',1222,-14,-0.008464328899637219,'-',1207,-15,-0.009068923821039965,'-',1185,-22,-0.013301088270858519,'-',1160,-25,-0.015114873035066423,'-',1142,-18,-0.01088270858524798,'-',1113,-29,-0.017533252720677073,'-',1088,-25,-0.015114873035066534,'-',1064,-24,-0.0145102781136639,'-',1029,-35,-0.021160822249093103,'-',996,-33,-0.019951632406287723,'-',955,-41,-0.024788391777509133,'-',899,-56,-0.033857315598548876,'-',855,-44,-0.02660217654171715,'-',786,-69,-0.041717049576783516,'-',708,-78,-0.047158403869407506,'-',614,-94,-0.05683192261185005,'-',465,-149,-0.09008464328899635,'-',231,-234,-0.14147521160822252,'-',2,-229,-0.13845223700120918,'-',2,0,0,'-',2,0,0,'-',2,0,0,'-',2,0,0,'-',2,0,0,'-',2,0,0,'-',2,0,0,'-',2,0,0,'-',1,-1,-0.0006045949214026602,'-',1,0,0,'-',1,0,0,'-',1,0,0,'-',1,0,0,'-',1,0,0,'-',1,0,0,'-',1,0,0,'-',1,0,0,'-',1,0,0,'-',1,0,0
gmftnWg5CSgt2H7WC6w/t1dnYDNpBrnkFU/H0Q==,'-',1455,1454,0.7888690892891237,'-',1462,7,0.0037981551817688475,'-',1471,9,0.004883342376559963,'-',1490,19,0.010309278350515427,'-',1610,120,0.06511123168746613,'-',1623,13,0.007053716766142193,'-',1629,6,0.0032555615843732344,'-',1634,5,0.0027129679869777323,'-',1636,2,0.0010851871947911151,'-',1639,3,0.0016277807921867282,'-',1649,10,0.005425935973955465,'-',1653,4,0.0021703743895822303,'-',1659,6,0.0032555615843732344,'-',1665,6,0.0032555615843733454,'-',1669,4,0.0021703743895822303,'-',1671,2,0.0010851871947911151,'-',1671,0,0,'-',1671,0,0,'-',1671,0,0,'-',1671,0,0,'-',1671,0,0,'-',1671,0,0,'-',1670,-1,-0.0005425935973956131,'-',1670,0,0,'-',1667,-3,-0.0016277807921866172,'-',1666,-1,-0.0005425935973956131,'-',1666,0,0,'-',1665,-1,-0.0005425935973955021,'-',1663,-2,-0.0010851871947911151,'-',1662,-1,-0.0005425935973955021,'-',1657,-5,-0.0027129679869778434,'-',1655,-2,-0.0010851871947910041,'-',1637,-18,-0.009766684753119925,'-',1600,-37,-0.020075963103635464,'-',1570,-30,-0.016277807921866505,'-',1557,-13,-0.007053716766142082,'-',1542,-15,-0.008138903960933308,'-',1521,-21,-0.011394465545306542,'-',1500,-21,-0.011394465545306542,'-',1457,-43,-0.023331524688008698,'-',1262,-195,-0.10580575149213245,'-',1205,-57,-0.030927835051546393,'-',1171,-34,-0.018448182311448735,'-',1129,-42,-0.022788931090613085,'-',1077,-52,-0.02821486706456866,'-',1031,-46,-0.024959305480195315,'-',943,-88,-0.04774823657080851,'-',854,-89,-0.04829083016820396,'-',748,-106,-0.05751492132392838,'-',538,-210,-0.11394465545306565,'-',274,-264,-0.1432447097124254,'-',1,-273,-0.14812805208898536,'-',1,0,0,'-',1,0,0,'-',1,0,0,'-',1,0,0,'-',1,0,0,'-',1,0,0,'-',1,0,0,'-',1,0,0,'-',1,0,0,'-',1,0,0,'-',1,0,0,'-',1,0,0,'-',0,-1,-0.0005425935973955507,'-',0,0,0,'-',0,0,0,'-',0,0,0,'-',0,0,0,'-',0,0,0,'-',0,0,0
hkcdwuKePHQmAVyufwcTzaZywkgeaTdu7SsZ6Q==,'-',1124,1124,0.7293964957819598,'-',1121,-3,-0.0019467878001298011,'-',1126,5,0.0032446463335497056,'-',1131,5,0.0032446463335495945,'-',1131,0,0,'-',1135,4,0.002595717066839698,'-',1140,5,0.0032446463335497056,'-',1134,-6,-0.0038935756002596023,'-',1132,-2,-0.0012978585334199044,'-',1134,2,0.0012978585334199044,'-',1137,3,0.0019467878001298011,'-',1140,3,0.0019467878001298011,'-',1143,3,0.0019467878001298011,'-',1141,-2,-0.0012978585334199044,'-',1142,1,0.0006489292667098967,'-',1143,1,0.0006489292667100077,'-',1144,1,0.0006489292667098967,'-',1139,-5,-0.0032446463335497056,'-',1142,3,0.0019467878001298011,'-',1129,-13,-0.00843608046722899,'-',1130,1,0.0006489292667098967,'-',1130,0,0,'-',1127,-3,-0.0019467878001298011,'-',1134,7,0.004542504866969499,'-',1133,-1,-0.0006489292667098967,'-',1133,0,0,'-',1130,-3,-0.0019467878001298011,'-',1128,-2,-0.0012978585334199044,'-',1127,-1,-0.0006489292667098967,'-',1130,3,0.0019467878001298011,'-',1127,-3,-0.0019467878001298011,'-',1124,-3,-0.0019467878001298011,'-',1126,2,0.0012978585334199044,'-',1122,-4,-0.002595717066839698,'-',1119,-3,-0.0019467878001298011,'-',1115,-4,-0.002595717066839698,'-',1114,-1,-0.0006489292667100077,'-',1112,-2,-0.0012978585334197934,'-',1110,-2,-0.0012978585334199044,'-',1102,-8,-0.005191434133679396,'-',1103,1,0.0006489292667098967,'-',1100,-3,-0.0019467878001298011,'-',1095,-5,-0.0032446463335495945,'-',1096,1,0.0006489292667098967,'-',1094,-2,-0.0012978585334199044,'-',1095,1,0.0006489292667100077,'-',1090,-5,-0.0032446463335497056,'-',1089,-1,-0.0006489292667098967,'-',1088,-1,-0.0006489292667098967,'-',1090,2,0.0012978585334197934,'-',1089,-1,-0.0006489292667098967,'-',1089,0,0,'-',1089,0,0,'-',1092,3,0.0019467878001298011,'-',1081,-11,-0.007138221933809197,'-',1080,-1,-0.0006489292667100077,'-',1082,2,0.0012978585334199044,'-',1081,-1,-0.0006489292667098967,'-',1083,2,0.0012978585334197934,'-',1079,-4,-0.002595717066839698,'-',1081,2,0.0012978585334199044,'-',1075,-6,-0.0038935756002596023,'-',1076,1,0.0006489292667098967,'-',1070,-6,-0.0038935756002594912,'-',1065,-5,-0.0032446463335497056,'-',1055,-10,-0.0064892926670993,'-',1052,-3,-0.0019467878001298011,'-',1046,-6,-0.0038935756002594912,'-',1041,-5,-0.0032446463335497056,'-',1036,-5,-0.0032446463335495945,'-',1028,-8,-0.005191434133679396
jCGNG5hpn5mNh/rIMJA9Dkzy2tPOWUq+36+LbQ==,'-',785,-243,0.18709005005723145,'-',781,-4,-0.0043525571273123065,'-',778,-3,-0.0032644178454842576,'-',779,1,0.0010881392818280489,'-',773,-6,-0.006528835690968404,'-',765,-8,-0.008705114254624613,'-',764,-1,-0.0010881392818280489,'-',766,2,0.0021762785636560977,'-',765,-1,-0.0010881392818280489,'-',764,-1,-0.0010881392818280489,'-',762,-2,-0.0021762785636562088,'-',763,1,0.0010881392818281599,'-',760,-3,-0.0032644178454842576,'-',760,0,0,'-',759,-1,-0.0010881392818280489,'-',755,-4,-0.0043525571273123065,'-',759,4,0.0043525571273123065,'-',758,-1,-0.0010881392818280489,'-',757,-1,-0.0010881392818281599,'-',752,-5,-0.005440696409140355,'-',752,0,0,'-',747,-5,-0.005440696409140355,'-',747,0,0,'-',752,5,0.005440696409140355,'-',751,-1,-0.0010881392818280489,'-',749,-2,-0.0021762785636560977,'-',748,-1,-0.0010881392818281599,'-',743,-5,-0.005440696409140355,'-',744,1,0.0010881392818280489,'-',739,-5,-0.005440696409140355,'-',735,-4,-0.0043525571273123065,'-',730,-5,-0.005440696409140355,'-',726,-4,-0.0043525571273123065,'-',724,-2,-0.0021762785636560977,'-',722,-2,-0.0021762785636562088,'-',720,-2,-0.0021762785636560977,'-',718,-2,-0.0021762785636560977,'-',721,3,0.0032644178454841466,'-',720,-1,-0.0010881392818280489,'-',721,1,0.0010881392818280489,'-',722,1,0.0010881392818280489,'-',716,-6,-0.006528835690968404,'-',715,-1,-0.0010881392818280489,'-',711,-4,-0.0043525571273123065,'-',708,-3,-0.0032644178454842576,'-',707,-1,-0.0010881392818280489,'-',703,-4,-0.0043525571273123065,'-',701,-2,-0.0021762785636560977,'-',701,0,0,'-',702,1,0.0010881392818280489,'-',699,-3,-0.0032644178454842576,'-',693,-6,-0.006528835690968404,'-',696,3,0.0032644178454842576,'-',694,-2,-0.0021762785636562088,'-',693,-1,-0.0010881392818280489,'-',694,1,0.0010881392818280489,'-',692,-2,-0.0021762785636560977,'-',692,0,0,'-',693,1,0.0010881392818280489,'-',687,-6,-0.006528835690968515,'-',686,-1,-0.0010881392818280489,'-',686,0,0,'-',681,-5,-0.005440696409140355,'-',680,-1,-0.0010881392818280489,'-',678,-2,-0.0021762785636562088,'-',680,2,0.0021762785636562088,'-',679,-1,-0.0010881392818280489,'-',677,-2,-0.0021762785636562088,'-',672,-5,-0.005440696409140355,'-',667,-5,-0.005440696409140355,'-',664,-3,-0.0032644178454842576
p0cIWOecKCvC9q39gxsTJnLf0SJMHnjL9bzQVw==,'-',1456,792,0.03383915322979525,'-',1459,3,0.0015584415584415368,'-',1458,-1,-0.0005194805194804752,'-',1458,0,0,'-',1461,3,0.0015584415584415368,'-',1459,-2,-0.0010389610389610615,'-',1456,-3,-0.0015584415584415368,'-',1456,0,0,'-',1453,-3,-0.0015584415584415368,'-',1453,0,0,'-',1441,-12,-0.006233766233766258,'-',1437,-4,-0.002077922077922012,'-',1440,3,0.0015584415584415368,'-',1438,-2,-0.0010389610389610615,'-',1438,0,0,'-',1429,-9,-0.004675324675324721,'-',1428,-1,-0.0005194805194804752,'-',1427,-1,-0.0005194805194804752,'-',1428,1,0.0005194805194804752,'-',1421,-7,-0.0036363636363636598,'-',1419,-2,-0.0010389610389610615,'-',1422,3,0.0015584415584416478,'-',1421,-1,-0.0005194805194805863,'-',1423,2,0.0010389610389610615,'-',1416,-7,-0.0036363636363636598,'-',1407,-9,-0.00467532467532461,'-',1404,-3,-0.0015584415584416478,'-',1394,-10,-0.0051948051948051965,'-',1403,9,0.004675324675324721,'-',1396,-7,-0.0036363636363636598,'-',1391,-5,-0.0025974025974025983,'-',1386,-5,-0.0025974025974025983,'-',1378,-8,-0.004155844155844135,'-',1372,-6,-0.0031168831168830735,'-',1372,0,0,'-',1361,-11,-0.005714285714285783,'-',1359,-2,-0.0010389610389610615,'-',1356,-3,-0.0015584415584415368,'-',1352,-4,-0.002077922077922012,'-',1349,-3,-0.0015584415584416478,'-',1348,-1,-0.0005194805194804752,'-',1346,-2,-0.0010389610389610615,'-',1349,3,0.0015584415584415368,'-',1345,-4,-0.002077922077922012,'-',1341,-4,-0.002077922077922123,'-',1342,1,0.0005194805194805863,'-',1341,-1,-0.0005194805194805863,'-',1339,-2,-0.0010389610389609505,'-',1339,0,0,'-',1338,-1,-0.0005194805194805863,'-',1331,-7,-0.0036363636363636598,'-',1328,-3,-0.0015584415584415368,'-',1328,0,0,'-',1326,-2,-0.0010389610389610615,'-',1322,-4,-0.002077922077922012,'-',1322,0,0,'-',1327,5,0.0025974025974025983,'-',1320,-7,-0.0036363636363636598,'-',1321,1,0.0005194805194804752,'-',1314,-7,-0.0036363636363635488,'-',1305,-9,-0.004675324675324721,'-',1300,-5,-0.0025974025974025983,'-',1290,-10,-0.0051948051948051965,'-',1289,-1,-0.0005194805194804752,'-',1284,-5,-0.0025974025974025983,'-',1282,-2,-0.0010389610389610615,'-',1274,-8,-0.004155844155844135,'-',1264,-10,-0.0051948051948051965,'-',1260,-4,-0.002077922077922123,'-',1251,-9,-0.004675324675324721,'-',1245,-6,-0.0031168831168830735
p6PaDxV6/C40FzzXp30czH3k4dEhtoHsJsVgRg==,'-',318,-927,0.2035141329258976,'-',315,-3,-0.008021390374331472,'-',314,-1,-0.002673796791443861,'-',312,-2,-0.005347593582887722,'-',308,-4,-0.010695187165775444,'-',308,0,0,'-',305,-3,-0.008021390374331472,'-',305,0,0,'-',307,2,0.005347593582887611,'-',305,-2,-0.005347593582887611,'-',301,-4,-0.010695187165775444,'-',298,-3,-0.008021390374331583,'-',298,0,0,'-',295,-3,-0.008021390374331472,'-',288,-7,-0.018716577540107027,'-',284,-4,-0.010695187165775333,'-',280,-4,-0.010695187165775444,'-',279,-1,-0.002673796791443861,'-',271,-8,-0.021390374331550777,'-',267,-4,-0.010695187165775444,'-',267,0,0,'-',266,-1,-0.002673796791443861,'-',257,-9,-0.024064171122994638,'-',253,-4,-0.010695187165775333,'-',251,-2,-0.005347593582887722,'-',235,-16,-0.042780748663101664,'-',230,-5,-0.013368983957219194,'-',218,-12,-0.03208556149732622,'-',214,-4,-0.010695187165775444,'-',205,-9,-0.024064171122994638,'-',200,-5,-0.013368983957219194,'-',197,-3,-0.008021390374331583,'-',193,-4,-0.010695187165775444,'-',183,-10,-0.026737967914438443,'-',178,-5,-0.01336898395721925,'-',177,-1,-0.002673796791443861,'-',174,-3,-0.008021390374331527,'-',167,-7,-0.01871657754010697,'-',154,-13,-0.03475935828877008,'-',142,-12,-0.032085561497326165,'-',139,-3,-0.008021390374331583,'-',131,-8,-0.021390374331550777,'-',125,-6,-0.01604278074866311,'-',120,-5,-0.01336898395721925,'-',119,-1,-0.002673796791443861,'-',114,-5,-0.01336898395721925,'-',114,0,0,'-',113,-1,-0.002673796791443861,'-',112,-1,-0.002673796791443861,'-',111,-1,-0.0026737967914438054,'-',110,-1,-0.002673796791443861,'-',110,0,0,'-',109,-1,-0.002673796791443861,'-',96,-13,-0.034759358288770026,'-',89,-7,-0.01871657754010697,'-',87,-2,-0.005347593582887694,'-',74,-13,-0.034759358288770054,'-',70,-4,-0.010695187165775416,'-',66,-4,-0.010695187165775388,'-',64,-2,-0.005347593582887722,'-',62,-2,-0.005347593582887694,'-',61,-1,-0.002673796791443833,'-',58,-3,-0.008021390374331555,'-',58,0,0,'-',58,0,0,'-',58,0,0,'-',57,-1,-0.002673796791443861,'-',56,-1,-0.002673796791443861,'-',53,-3,-0.008021390374331527,'-',53,0,0,'-',52,-1,-0.002673796791443861
tZAkHFvmfXTVYS/1mkRhBbb57AwMpyRDWb1IPg==,'-',1022,970,0.4607278250608823,'-',1026,4,0.0023474178403755097,'-',1030,4,0.0023474178403756207,'-',1033,3,0.0017605633802816323,'-',1035,2,0.0011737089201878659,'-',1037,2,0.0011737089201877549,'-',1039,2,0.0011737089201877549,'-',1042,3,0.0017605633802817433,'-',1046,4,0.0023474178403756207,'-',1045,-1,-0.0005868544600938774,'-',1049,4,0.0023474178403755097,'-',1054,5,0.002934272300469498,'-',1055,1,0.0005868544600938774,'-',1061,6,0.0035211267605633756,'-',1063,2,0.0011737089201878659,'-',1072,9,0.005281690140845008,'-',1068,-4,-0.0023474178403755097,'-',1065,-3,-0.0017605633802817433,'-',1065,0,0,'-',1064,-1,-0.0005868544600938774,'-',1063,-1,-0.0005868544600938774,'-',1063,0,0,'-',1054,-9,-0.005281690140845119,'-',1051,-3,-0.0017605633802816323,'-',1047,-4,-0.0023474178403756207,'-',1045,-2,-0.0011737089201877549,'-',1043,-2,-0.0011737089201878659,'-',1036,-7,-0.004107981220657253,'-',1030,-6,-0.0035211267605633756,'-',1027,-3,-0.0017605633802817433,'-',1022,-5,-0.002934272300469387,'-',1015,-7,-0.004107981220657364,'-',1004,-11,-0.006455399061032874,'-',995,-9,-0.005281690140845008,'-',982,-13,-0.007629107981220629,'-',968,-14,-0.008215962441314617,'-',956,-12,-0.007042253521126751,'-',946,-10,-0.005868544600938996,'-',933,-13,-0.007629107981220629,'-',909,-24,-0.014084507042253502,'-',884,-25,-0.01467136150234738,'-',864,-20,-0.011737089201877993,'-',838,-26,-0.015258215962441313,'-',811,-27,-0.01584507042253519,'-',784,-27,-0.015845070422535246,'-',743,-41,-0.02406103286384975,'-',695,-48,-0.02816901408450706,'-',627,-68,-0.03990610328638494,'-',553,-74,-0.04342723004694837,'-',441,-112,-0.06572769953051644,'-',237,-204,-0.11971830985915491,'-',1,-236,-0.13849765258215962,'-',1,0,0,'-',1,0,0,'-',1,0,0,'-',1,0,0,'-',1,0,0,'-',1,0,0,'-',1,0,0,'-',1,0,0,'-',1,0,0,'-',1,0,0,'-',1,0,0,'-',1,0,0,'-',1,0,0,'-',1,0,0,'-',1,0,0,'-',1,0,0,'-',1,0,0,'-',1,0,0,'-',1,0,0
yTRD21tu/V3oDcum8RgelbnT9SeJoAjkMKabgA==,'-',11,10,0.9160798122065728,'-',10,-1,-0.08333333333333326,'-',9,-1,-0.08333333333333337,'-',8,-1,-0.08333333333333337,'-',8,0,0,'-',9,1,0.08333333333333337,'-',8,-1,-0.08333333333333337,'-',7,-1,-0.08333333333333326,'-',7,0,0,'-',7,0,0,'-',7,0,0,'-',7,0,0,'-',6,-1,-0.08333333333333337,'-',6,0,0,'-',6,0,0,'-',6,0,0,'-',6,0,0,'-',6,0,0,'-',6,0,0,'-',6,0,0,'-',6,0,0,'-',6,0,0,'-',6,0,0,'-',6,0,0,'-',6,0,0,'-',6,0,0,'-',6,0,0,'-',6,0,0,'-',6,0,0,'-',6,0,0,'-',6,0,0,'-',6,0,0,'-',6,0,0,'-',6,0,0,'-',6,0,0,'-',6,0,0,'-',6,0,0,'-',5,-1,-0.08333333333333331,'-',5,0,0,'-',5,0,0,'-',5,0,0,'-',3,-2,-0.16666666666666669,'-',3,0,0,'-',3,0,0,'-',3,0,0,'-',3,0,0,'-',3,0,0,'-',2,-1,-0.08333333333333334,'-',2,0,0,'-',2,0,0,'-',1,-1,-0.08333333333333333,'-',0,-1,-0.08333333333333333,'-',0,0,0,'-',0,0,0,'-',0,0,0,'-',0,0,0,'-',0,0,0,'-',0,0,0,'-',0,0,0,'-',0,0,0,'-',0,0,0,'-',0,0,0,'-',0,0,0,'-',0,0,0,'-',0,0,0,'-',0,0,0,'-',0,0,0,'-',0,0,0,'-',0,0,0,'-',0,0,0,'-',0,0,0
GROUP,'-',18791,NA,NA,'-',18691,-100,-0.004302925989672968,'-',18591,-100,-0.004302925989672968,'-',18412,-179,-0.0077022375215146655,'-',18364,-48,-0.002065404475042998,'-',18043,-321,-0.013812392426850284,'-',17806,-237,-0.010197934595524982,'-',17621,-185,-0.007960413080895012,'-',17470,-151,-0.0064974182444061945,'-',17346,-124,-0.005335628227194467,'-',17177,-169,-0.0072719449225473465,'-',17026,-151,-0.0064974182444061945,'-',16780,-246,-0.010585197934595558,'-',16562,-218,-0.009380378657487087,'-',16331,-231,-0.009939759036144524,'-',16119,-212,-0.00912220309810674,'-',15953,-166,-0.0071428571428571175,'-',15710,-243,-0.01045611015490533,'-',15477,-233,-0.01002581755593801,'-',15297,-180,-0.0077452667814114085,'-',15157,-140,-0.0060240963855421326,'-',15007,-150,-0.0064543889845094515,'-',14702,-305,-0.013123924268502618,'-',14582,-120,-0.005163511187607606,'-',14473,-109,-0.004690189328743544,'-',14283,-190,-0.008175559380378616,'-',14137,-146,-0.0062822719449225906,'-',13979,-158,-0.0067986230636832845,'-',13833,-146,-0.0062822719449225906,'-',13748,-85,-0.0036574870912219337,'-',13667,-81,-0.0034853700516351838,'-',13541,-126,-0.005421686746987953,'-',13431,-110,-0.004733218588640287,'-',13296,-135,-0.005808950086058529,'-',13169,-127,-0.005464716006884585,'-',13036,-133,-0.005722891566265154,'-',12897,-139,-0.0059810671256453896,'-',12748,-149,-0.0064113597246127085,'-',12586,-162,-0.0069707401032702565,'-',12377,-209,-0.008993115318416511,'-',12025,-352,-0.015146299483648873,'-',11773,-252,-0.010843373493975905,'-',11507,-266,-0.01144578313253014,'-',11255,-252,-0.010843373493975905,'-',10913,-342,-0.01471600688468161,'-',10583,-330,-0.014199655765920804,'-',10142,-441,-0.018975903614457834,'-',9622,-520,-0.022375215146299476,'-',8992,-630,-0.027108433734939763,'-',8006,-986,-0.04242685025817555,'-',6547,-1459,-0.06277969018932877,'-',5039,-1508,-0.06488812392426849,'-',5025,-14,-0.0006024096385542077,'-',4985,-40,-0.0017211703958691926,'-',4937,-48,-0.0020654044750430256,'-',4908,-29,-0.0012478485370051584,'-',4878,-30,-0.0012908777969019014,'-',4836,-42,-0.0018072289156626509,'-',4833,-3,-0.00012908777969020124,'-',4798,-35,-0.0015060240963855331,'-',4778,-20,-0.0008605851979345824,'-',4746,-32,-0.0013769363166953597,'-',4717,-29,-0.0012478485370051584,'-',4691,-26,-0.001118760757314985,'-',4665,-26,-0.0011187607573149572,'-',4648,-17,-0.000731497418244409,'-',4626,-22,-0.0009466437177280684,'-',4600,-26,-0.001118760757314985,'-',4566,-34,-0.0014629948364887901,'-',4537,-29,-0.0012478485370051862,'-',4503,-34,-0.0014629948364887901
NETWORK,'-',65899,NA,NA,'-',65357,-542,-0.005688616469699204,'-',60178,-5179,-0.05435672453242091,'-',59821,-357,-0.003746930036314766,'-',59679,-142,-0.0014903755326518553,'-',59318,-361,-0.003788912445685244,'-',58917,-401,-0.004208736539389912,'-',58544,-373,-0.003914859673796678,'-',58234,-310,-0.003253636726211817,'-',57910,-324,-0.003400575159008379,'-',57568,-342,-0.0035894960011754184,'-',57258,-310,-0.003253636726211706,'-',56800,-458,-0.004806985872919278,'-',56347,-453,-0.004754507861206125,'-',55843,-504,-0.005289783580679774,'-',55338,-505,-0.005300279183022227,'-',54800,-538,-0.005646634060328726,'-',54274,-526,-0.005520686832217403,'-',53596,-678,-0.007116018388295231,'-',52976,-620,-0.006507273452423412,'-',52424,-552,-0.0057935724931253985,'-',51829,-595,-0.006244883393857981,'-',51099,-730,-0.007661789710111444,'-',50528,-571,-0.005992988937635224,'-',50007,-521,-0.005468208820504139,'-',49326,-681,-0.007147505195323145,'-',48758,-568,-0.00596150213060731,'-',47881,-877,-0.009204643254476341,'-',46959,-922,-0.009676945359894218,'-',46255,-704,-0.007388904049203393,'-',45367,-888,-0.009320094880245211,'-',44609,-758,-0.007955666575704734,'-',43907,-702,-0.007367912844518154,'-',43214,-693,-0.007273452423434579,'-',42663,-551,-0.005783076890782779,'-',42273,-390,-0.004093284913621209,'-',41905,-368,-0.0038623816620835805,'-',41542,-363,-0.003809903650370483,'-',41136,-406,-0.004261214551103065,'-',40618,-518,-0.005436722013476392,'-',39895,-723,-0.007588320493713108,'-',39261,-634,-0.006654211885220085,'-',38659,-602,-0.006318352610256317,'-',38076,-583,-0.006118936165746547,'-',37474,-602,-0.006318352610256317,'-',36841,-633,-0.006643716282877465,'-',36050,-791,-0.008302021453011177,'-',35194,-856,-0.008984235605281388,'-',34173,-1021,-0.010716009991813435,'-',32804,-1369,-0.014368479607044682,'-',30871,-1933,-0.020287999328281403,'-',28865,-2006,-0.021054178299292625,'-',28224,-641,-0.006727681101618421,'-',27371,-853,-0.00895274879825353,'-',26382,-989,-0.010380150716849612,'-',25472,-910,-0.009550998131782784,'-',24467,-1005,-0.01054808035433158,'-',23261,-1206,-0.012657696425197817,'-',21848,-1413,-0.014830286110119856,'-',20504,-1344,-0.014106089548479195,'-',18674,-1830,-0.019206952286991763,'-',16368,-2306,-0.02420285900207811,'-',15374,-994,-0.010432628728562737,'-',14724,-650,-0.006822141522701997,'-',14306,-418,-0.004387161779214499,'-',13941,-365,-0.003830894855055722,'-',13452,-489,-0.005132349545540427,'-',12983,-469,-0.004922437498688065,'-',12656,-327,-0.0034320619660362095,'-',12327,-329,-0.0034530531707214762,'-',11989,-338,-0.003547513591805024